Workbook

Sheet Documentação-Documentation
V1: Sumário - summary
V2: =HYPERLINK("#'Documentação-Documentation'!A1","Documentação-Documentation") -> Documentação-Documentation
V3: =HYPERLINK("#'Top 50 Fast-Food EUA'!A1","Top 50 Fast-Food EUA") -> Top 50 Fast-Food EUA
V4: =HYPERLINK("#'Tabela Dinãmica-Pivot table'!A1","Tabela Dinâmica-Pivot table") -> Tabela Dinâmica-Pivot table
V5: =HYPERLINK("#' Análise-Analysis '!A1"," Análise-Analysis ") -> Análise-Analysis
V6: =HYPERLINK("#'Gráficos-Graphics '!A1","Gráficos-Graphics ") -> Gráficos-Graphics

Sheet Top 50 Fast-Food EUA
A1: Fast-Food Chains | B1: U.S. Systemwide Sales (Millions - U.S Dollars) Mi USD | C1: Average Sales per Unit (Thousands - U.S Dollars) k USD | D1: Franchised Stores | E1: Company Stores | F1: 2021 Total Units | G1: Total Change in Units from 2020 | I1: Sumário - summary
A2: Arbyâ€™s | B2: 4462 | C2: 1309 | D2: 2293 | E2: 1116 | F2: 3409 | G2: 40 | I2: =HYPERLINK("#'Documentação-Documentation'!A1","Documentação-Documentation") -> Documentação-Documentation
A3: Baskin-Robbins | B3: 686 | C3: 296 | D3: 2317 | E3: 0 | F3: 2317 | G3: 102 | I3: =HYPERLINK("#'Top 50 Fast-Food EUA'!A1","Top 50 Fast-Food EUA") -> Top 50 Fast-Food EUA
A4: Bojangles | B4: 1485 | C4: 1924 | D4: 496 | E4: 277 | F4: 773 | G4: 15 | I4: =HYPERLINK("#'Tabela Dinãmica-Pivot table'!A1","Tabela Dinâmica-Pivot table") -> Tabela Dinâmica-Pivot table
A5: Burger King | B5: 10033 | C5: 1470 | D5: 7054 | E5: 51 | F5: 7105 | G5: 24 | I5: =HYPERLINK("#' Análise-Analysis '!A1"," Análise-Analysis ") -> Análise-Analysis
A6: Carlâ€™s Jr. | B6: 1560 | C6: 1400 | D6: 1011 | E6: 47 | F6: 1058 | G6: -21 | I6: =HYPERLINK("#'Gráficos-Graphics '!A1","Gráficos-Graphics ") -> Gráficos-Graphics
A7: Checkers/Rallyâ€™s | B7: 931 | C7: 1145 | D7: 568 | E7: 266 | F7: 834 | G7: -13
A8: Chick-fil-A | B8: 16700 | C8: 6100 | D8: 2650 | E8: 82 | F8: 2732 | G8: 155
A9: Chipotle | B9: 7547 | C9: 2641 | D9: 0 | E9: 2966 | F9: 2966 | G9: 198
A10: Churchâ€™s Chicken | B10: 776 | C10: 870 | D10: 731 | E10: 161 | F10: 892 | G10: -13
A11: Culverâ€™s | B11: 2489 | C11: 3099 | D11: 831 | E11: 6 | F11: 837 | G11: 55
A12: Dairy Queen | B12: 4494 | C12: 1036 | D12: 4337 | E12: 2 | F12: 4339 | G12: -22
A13: Del Taco | B13: 931 | C13: 1551 | D13: 306 | E13: 294 | F13: 600 | G13: 4
A14: Domino's | B14: 8641 | C14: 1317 | D14: 6185 | E14: 375 | F14: 6560 | G14: 205
A15: Dunkin' | B15: 10416 | C15: 1127 | D15: 9244 | E15: 0 | F15: 9244 | G15: 161
A16: El Pollo Loco | B16: 973 | C16: 2000 | D16: 292 | E16: 189 | F16: 481 | G16: 1
A17: Firehouse Subs | B17: 1044 | C17: 909 | D17: 1101 | E17: 39 | F17: 1140 | G17: 9
A18: Five Guys | B18: 2093 | C18: 3172 | D18: 911 | E18: 479 | F18: 1390 | G18: 8
... A51: Zaxbyâ€™s | B51: 2233 | C51: 2484 | D51: 761 | E51: 147 | F51: 908 | G51: 3

Sheet Tabela Dinãmica-Pivot table
A1: Rede – Chain | B1: Vendas Totais (Mi USD) – Total Sales (M USD) | C1: Venda Média por Unidade (k USD) – Avg Sales per Unit (k USD) | D1: Lojas Franqueadas – Franchised Units | E1: Lojas Próprias – Company-Owned Units | F1: Total de Lojas (2021) – Total Units (2021) | G1: Variação de Lojas (vs 2020) – Unit Change (vs 2020) | I1: Sumário - summary
A2: Arbyâ€™s | B2: 4462 | C2: 1309 | D2: 2293 | E2: 3409 | F2: 1116 | G2: 40 | I2: =HYPERLINK("#'Documentação-Documentation'!A1","Documentação-Documentation") -> Documentação-Documentation
A3: Baskin-Robbins | B3: 686 | C3: 296 | D3: 2317 | E3: 2317 | F3: 0 | G3: 102 | I3: =HYPERLINK("#'Top 50 Fast-Food EUA'!A1","Top 50 Fast-Food EUA") -> Top 50 Fast-Food EUA
A4: Bojangles | B4: 1485 | C4: 1924 | D4: 496 | E4: 773 | F4: 277 | G4: 15 | I4: =HYPERLINK("#'Tabela Dinãmica-Pivot table'!A1","Tabela Dinâmica-Pivot table") -> Tabela Dinâmica-Pivot table
A5: Burger King | B5: 10033 | C5: 1470 | D5: 7054 | E5: 7105 | F5: 51 | G5: 24 | I5: =HYPERLINK("#' Análise-Analysis '!A1"," Análise-Analysis ") -> Análise-Analysis
A6: Carlâ€™s Jr. | B6: 1560 | C6: 1400 | D6: 1011 | E6: 1058 | F6: 47 | G6: -21 | I6: =HYPERLINK("#'Gráficos-Graphics '!A1","Gráficos-Graphics ") -> Gráficos-Graphics
A7: Checkers/Rallyâ€™s | B7: 931 | C7: 1145 | D7: 568 | E7: 834 | F7: 266 | G7: -13
A8: Chick-fil-A | B8: 16700 | C8: 6100 | D8: 2650 | E8: 2732 | F8: 82 | G8: 155
A9: Chipotle | B9: 7547 | C9: 2641 | D9: 0 | E9: 2966 | F9: 2966 | G9: 198
A10: Churchâ€™s Chicken | B10: 776 | C10: 870 | D10: 731 | E10: 892 | F10: 161 | G10: -13
A11: Culverâ€™s | B11: 2489 | C11: 3099 | D11: 831 | E11: 837 | F11: 6 | G11: 55
A12: Dairy Queen | B12: 4494 | C12: 1036 | D12: 4337 | E12: 4339 | F12: 2 | G12: -22
A13: Del Taco | B13: 931 | C13: 1551 | D13: 306 | E13: 600 | F13: 294 | G13: 4
A14: Domino's | B14: 8641 | C14: 1317 | D14: 6185 | E14: 6560 | F14: 375 | G14: 205
A15: Dunkin' | B15: 10416 | C15: 1127 | D15: 9244 | E15: 9244 | F15: 0 | G15: 161
A16: El Pollo Loco | B16: 973 | C16: 2000 | D16: 292 | E16: 481 | F16: 189 | G16: 1
A17: Firehouse Subs | B17: 1044 | C17: 909 | D17: 1101 | E17: 1140 | F17: 39 | G17: 9
A18: Five Guys | B18: 2093 | C18: 3172 | D18: 911 | E18: 1390 | F18: 479 | G18: 8
... A52: Total Geral | B52: 248253 | C52: 92883 | D52: 133198 | E52: 158370 | F52: 25175 | G52: 1485

Sheet  Análise-Analysis 
A1: Ranking por vendas - Ranking by sale | E1: Ranking por Receita Média por Unidade - Ranking by Average Sales per Unit (k USD) | I1: Ranking por Crescimento/queda - Ranking by Growth/Stay (2020) | M1: Lojas Próprias X Franquiadas - Company-owned X franchised stores | R1: Sumário - summary
A2: Posição - Position | B2: Rede - Chain | C2: Vendas Totais - Total Sales (Mi USD) | E2: Posição - Position | F2: Rede - Chain | G2: Média por Unidade - Average per Unit | I2: Posição - Position | J2: Rede - Chain | K2: Crescimento/queda - Growth/Stay | M2: Posição - Position | N2: Tipo - Type | O2: Total de Lojas - Total number of stores | R2: =HYPERLINK("#'Documentação-Documentation'!A1","Documentação-Documentation") -> Documentação-Documentation
A3: 1 | B3: =INDEX('Top 50 Fast-Food EUA'!A:B,MATCH(' Análise-Analysis '!C3,'Top 50 Fast-Food EUA'!B:B,0),1) -> McDonaldâ€™s | C3: =LARGE('Top 50 Fast-Food EUA'!B:B,' Análise-Analysis '!A3) -> 45960 | E3: 1 | F3: =INDEX('Top 50 Fast-Food EUA'!A:C,MATCH(' Análise-Analysis '!G3,'Top 50 Fast-Food EUA'!C:C,0),1) -> Chick-fil-A | G3: =LARGE('Top 50 Fast-Food EUA'!C:C,' Análise-Analysis '!E3) -> 6100 | I3: 1 | J3: =INDEX('Top 50 Fast-Food EUA'!A:G,MATCH(' Análise-Analysis '!K3,'Top 50 Fast-Food EUA'!G:G,0),1) -> Jersey Mikeâ€™s | K3: =LARGE('Top 50 Fast-Food EUA'!G:G,' Análise-Analysis '!I3) -> 246 | M3: 1 | N3: Franchised Stores | O3: =SUM('Top 50 Fast-Food EUA'!D:D) -> 133198 | R3: =HYPERLINK("#'Top 50 Fast-Food EUA'!A1","Top 50 Fast-Food EUA") -> Top 50 Fast-Food EUA
A4: 2 | B4: =INDEX('Top 50 Fast-Food EUA'!A:B,MATCH(' Análise-Analysis '!C4,'Top 50 Fast-Food EUA'!B:B,0),1) -> Starbucks | C4: =LARGE('Top 50 Fast-Food EUA'!B:B,' Análise-Analysis '!A4) -> 24300 | E4: 2 | F4: =INDEX('Top 50 Fast-Food EUA'!A:C,MATCH(' Análise-Analysis '!G4,'Top 50 Fast-Food EUA'!C:C,0),1) -> Raising Caneâ€™s | G4: =LARGE('Top 50 Fast-Food EUA'!C:C,' Análise-Analysis '!E4) -> 4893 | I4: 2 | J4: =INDEX('Top 50 Fast-Food EUA'!A:G,MATCH(' Análise-Analysis '!K4,'Top 50 Fast-Food EUA'!G:G,0),1) -> McDonaldâ€™s | K4: =LARGE('Top 50 Fast-Food EUA'!G:G,' Análise-Analysis '!I4) -> 244 | M4: 2 | N4: Company-owned | O4: =SUM('Top 50 Fast-Food EUA'!E:E) -> 25175 | R4: =HYPERLINK("#'Tabela Dinãmica-Pivot table'!A1","Tabela Dinâmica-Pivot table") -> Tabela Dinâmica-Pivot table
A5: 3 | B5: =INDEX('Top 50 Fast-Food EUA'!A:B,MATCH(' Análise-Analysis '!C5,'Top 50 Fast-Food EUA'!B:B,0),1) -> Chick-fil-A | C5: =LARGE('Top 50 Fast-Food EUA'!B:B,' Análise-Analysis '!A5) -> 16700 | E5: 3 | F5: =INDEX('Top 50 Fast-Food EUA'!A:C,MATCH(' Análise-Analysis '!G5,'Top 50 Fast-Food EUA'!C:C,0),1) -> Krispy Kreme | G5: =LARGE('Top 50 Fast-Food EUA'!C:C,' Análise-Analysis '!E5) -> 4000 | I5: 3 | J5: Jersey Mikeâ€™s | K5: =LARGE('Top 50 Fast-Food EUA'!G:G,' Análise-Analysis '!I5) -> 205 | R5: =HYPERLINK("#' Análise-Analysis '!A1"," Análise-Analysis ") -> Análise-Analysis
A6: 4 | B6: =INDEX('Top 50 Fast-Food EUA'!A:B,MATCH(' Análise-Analysis '!C6,'Top 50 Fast-Food EUA'!B:B,0),1) -> Taco Bell | C6: =LARGE('Top 50 Fast-Food EUA'!B:B,' Análise-Analysis '!A6) -> 12600 | E6: 4 | F6: =INDEX('Top 50 Fast-Food EUA'!A:C,MATCH(' Análise-Analysis '!G6,'Top 50 Fast-Food EUA'!C:C,0),1) -> Shake Shack | G6: =LARGE('Top 50 Fast-Food EUA'!C:C,' Análise-Analysis '!E6) -> 3679 | I6: 4 | J6: =INDEX('Top 50 Fast-Food EUA'!A:G,MATCH(' Análise-Analysis '!K6,'Top 50 Fast-Food EUA'!G:G,0),1) -> Taco Bell | K6: =LARGE('Top 50 Fast-Food EUA'!G:G,' Análise-Analysis '!I6) -> 203 | R6: =HYPERLINK("#'Gráficos-Graphics '!A1","Gráficos-Graphics ") -> Gráficos-Graphics
A7: 5 | B7: =INDEX('Top 50 Fast-Food EUA'!A:B,MATCH(' Análise-Analysis '!C7,'Top 50 Fast-Food EUA'!B:B,0),1) -> Wendy's | C7: =LARGE('Top 50 Fast-Food EUA'!B:B,' Análise-Analysis '!A7) -> 11111 | E7: 5 | F7: =INDEX('Top 50 Fast-Food EUA'!A:C,MATCH(' Análise-Analysis '!G7,'Top 50 Fast-Food EUA'!C:C,0),1) -> Whataburger | G7: =LARGE('Top 50 Fast-Food EUA'!C:C,' Análise-Analysis '!E7) -> 3640 | I7: 5 | J7: =INDEX('Top 50 Fast-Food EUA'!A:G,MATCH(' Análise-Analysis '!K7,'Top 50 Fast-Food EUA'!G:G,0),1) -> Chipotle | K7: =LARGE('Top 50 Fast-Food EUA'!G:G,' Análise-Analysis '!I7) -> 198
A8: 6 | B8: =INDEX('Top 50 Fast-Food EUA'!A:B,MATCH(' Análise-Analysis '!C8,'Top 50 Fast-Food EUA'!B:B,0),1) -> Dunkin' | C8: =LARGE('Top 50 Fast-Food EUA'!B:B,' Análise-Analysis '!A8) -> 10416 | E8: 6 | F8: =INDEX('Top 50 Fast-Food EUA'!A:C,MATCH(' Análise-Analysis '!G8,'Top 50 Fast-Food EUA'!C:C,0),1) -> McDonaldâ€™s | G8: =LARGE('Top 50 Fast-Food EUA'!C:C,' Análise-Analysis '!E8) -> 3420 | I8: 6 | J8: =INDEX('Top 50 Fast-Food EUA'!A:G,MATCH(' Análise-Analysis '!K8,'Top 50 Fast-Food EUA'!G:G,0),1) -> Wingstop | K8: =LARGE('Top 50 Fast-Food EUA'!G:G,' Análise-Analysis '!I8) -> 175
A9: 7 | B9: =INDEX('Top 50 Fast-Food EUA'!A:B,MATCH(' Análise-Analysis '!C9,'Top 50 Fast-Food EUA'!B:B,0),1) -> Burger King | C9: =LARGE('Top 50 Fast-Food EUA'!B:B,' Análise-Analysis '!A9) -> 10033 | E9: 7 | F9: =INDEX('Top 50 Fast-Food EUA'!A:C,MATCH(' Análise-Analysis '!G9,'Top 50 Fast-Food EUA'!C:C,0),1) -> In-N-Out Burger | G9: =LARGE('Top 50 Fast-Food EUA'!C:C,' Análise-Analysis '!E9) -> 3200 | I9: 7 | J9: =INDEX('Top 50 Fast-Food EUA'!A:G,MATCH(' Análise-Analysis '!K9,'Top 50 Fast-Food EUA'!G:G,0),1) -> Dunkin' | K9: =LARGE('Top 50 Fast-Food EUA'!G:G,' Análise-Analysis '!I9) -> 161
A10: 8 | B10: =INDEX('Top 50 Fast-Food EUA'!A:B,MATCH(' Análise-Analysis '!C10,'Top 50 Fast-Food EUA'!B:B,0),1) -> Subway | C10: =LARGE('Top 50 Fast-Food EUA'!B:B,' Análise-Analysis '!A10) -> 9350 | E10: 8 | F10: =INDEX('Top 50 Fast-Food EUA'!A:C,MATCH(' Análise-Analysis '!G10,'Top 50 Fast-Food EUA'!C:C,0),1) -> Five Guys | G10: =LARGE('Top 50 Fast-Food EUA'!C:C,' Análise-Analysis '!E10) -> 3172 | I10: 8 | J10: =INDEX('Top 50 Fast-Food EUA'!A:G,MATCH(' Análise-Analysis '!K10,'Top 50 Fast-Food EUA'!G:G,0),1) -> Chick-fil-A | K10: =LARGE('Top 50 Fast-Food EUA'!G:G,' Análise-Analysis '!I10) -> 155
A11: 9 | B11: =INDEX('Top 50 Fast-Food EUA'!A:B,MATCH(' Análise-Analysis '!C11,'Top 50 Fast-Food EUA'!B:B,0),1) -> Domino's | C11: =LARGE('Top 50 Fast-Food EUA'!B:B,' Análise-Analysis '!A11) -> 8641 | E11: 9 | F11: =INDEX('Top 50 Fast-Food EUA'!A:C,MATCH(' Análise-Analysis '!G11,'Top 50 Fast-Food EUA'!C:C,0),1) -> Culverâ€™s | G11: =LARGE('Top 50 Fast-Food EUA'!C:C,' Análise-Analysis '!E11) -> 3099 | I11: 9 | J11: =INDEX('Top 50 Fast-Food EUA'!A:G,MATCH(' Análise-Analysis '!K11,'Top 50 Fast-Food EUA'!G:G,0),1) -> Panda Express | K11: =LARGE('Top 50 Fast-Food EUA'!G:G,' Análise-Analysis '!I11) -> 150
A12: 10 | B12: =INDEX('Top 50 Fast-Food EUA'!A:B,MATCH(' Análise-Analysis '!C12,'Top 50 Fast-Food EUA'!B:B,0),1) -> Chipotle | C12: =LARGE('Top 50 Fast-Food EUA'!B:B,' Análise-Analysis '!A12) -> 7547 | E12: 10 | F12: =INDEX('Top 50 Fast-Food EUA'!A:C,MATCH(' Análise-Analysis '!G12,'Top 50 Fast-Food EUA'!C:C,0),1) -> Panera Bread | G12: =LARGE('Top 50 Fast-Food EUA'!C:C,' Análise-Analysis '!E12) -> 2700 | I12: 10 | J12: =INDEX('Top 50 Fast-Food EUA'!A:G,MATCH(' Análise-Analysis '!K12,'Top 50 Fast-Food EUA'!G:G,0),1) -> Popeyes Louisiana Kitchen | K12: =LARGE('Top 50 Fast-Food EUA'!G:G,' Análise-Analysis '!I12) -> 146
A13: 11 | B13: =INDEX('Top 50 Fast-Food EUA'!A:B,MATCH(' Análise-Analysis '!C13,'Top 50 Fast-Food EUA'!B:B,0),1) -> Sonic Drive-In | C13: =LARGE('Top 50 Fast-Food EUA'!B:B,' Análise-Analysis '!A13) -> 5835 | E13: 11 | F13: =INDEX('Top 50 Fast-Food EUA'!A:C,MATCH(' Análise-Analysis '!G13,'Top 50 Fast-Food EUA'!C:C,0),1) -> Chipotle | G13: =LARGE('Top 50 Fast-Food EUA'!C:C,' Análise-Analysis '!E13) -> 2641 | I13: 11 | J13: =INDEX('Top 50 Fast-Food EUA'!A:G,MATCH(' Análise-Analysis '!K13,'Top 50 Fast-Food EUA'!G:G,0),1) -> Tropical Smoothie Cafe | K13: =LARGE('Top 50 Fast-Food EUA'!G:G,' Análise-Analysis '!I13) -> 125
A14: 12 | B14: =INDEX('Top 50 Fast-Food EUA'!A:B,MATCH(' Análise-Analysis '!C14,'Top 50 Fast-Food EUA'!B:B,0),1) -> Panera Bread | C14: =LARGE('Top 50 Fast-Food EUA'!B:B,' Análise-Analysis '!A14) -> 5650 | E14: 12 | F14: =INDEX('Top 50 Fast-Food EUA'!A:C,MATCH(' Análise-Analysis '!G14,'Top 50 Fast-Food EUA'!C:C,0),1) -> Zaxbyâ€™s | G14: =LARGE('Top 50 Fast-Food EUA'!C:C,' Análise-Analysis '!E14) -> 2484 | I14: 12 | J14: =INDEX('Top 50 Fast-Food EUA'!A:G,MATCH(' Análise-Analysis '!K14,'Top 50 Fast-Food EUA'!G:G,0),1) -> Starbucks | K14: =LARGE('Top 50 Fast-Food EUA'!G:G,' Análise-Analysis '!I14) -> 113
A15: 13 | B15: =INDEX('Top 50 Fast-Food EUA'!A:B,MATCH(' Análise-Analysis '!C15,'Top 50 Fast-Food EUA'!B:B,0),1) -> Pizza Hut | C15: =LARGE('Top 50 Fast-Food EUA'!B:B,' Análise-Analysis '!A15) -> 5500 | E15: 13 | F15: =INDEX('Top 50 Fast-Food EUA'!A:C,MATCH(' Análise-Analysis '!G15,'Top 50 Fast-Food EUA'!C:C,0),1) -> Panda Express | G15: =LARGE('Top 50 Fast-Food EUA'!C:C,' Análise-Analysis '!E15) -> 2173 | I15: 13 | J15: =INDEX('Top 50 Fast-Food EUA'!A:G,MATCH(' Análise-Analysis '!K15,'Top 50 Fast-Food EUA'!G:G,0),1) -> Baskin-Robbins | K15: =LARGE('Top 50 Fast-Food EUA'!G:G,' Análise-Analysis '!I15) -> 102
A16: 14 | B16: =INDEX('Top 50 Fast-Food EUA'!A:B,MATCH(' Análise-Analysis '!C16,'Top 50 Fast-Food EUA'!B:B,0),1) -> KFC | C16: =LARGE('Top 50 Fast-Food EUA'!B:B,' Análise-Analysis '!A16) -> 5100 | E16: 14 | F16: =INDEX('Top 50 Fast-Food EUA'!A:C,MATCH(' Análise-Analysis '!G16,'Top 50 Fast-Food EUA'!C:C,0),1) -> El Pollo Loco | G16: =LARGE('Top 50 Fast-Food EUA'!C:C,' Análise-Analysis '!E16) -> 2000 | I16: 14 | J16: =INDEX('Top 50 Fast-Food EUA'!A:G,MATCH(' Análise-Analysis '!K16,'Top 50 Fast-Food EUA'!G:G,0),1) -> Raising Caneâ€™s | K16: =LARGE('Top 50 Fast-Food EUA'!G:G,' Análise-Analysis '!I16) -> 58
A17: 15 | B17: =INDEX('Top 50 Fast-Food EUA'!A:B,MATCH(' Análise-Analysis '!C17,'Top 50 Fast-Food EUA'!B:B,0),1) -> Popeyes Louisiana Kitchen | C17: =LARGE('Top 50 Fast-Food EUA'!B:B,' Análise-Analysis '!A17) -> 4775 | E17: 15 | F17: =INDEX('Top 50 Fast-Food EUA'!A:C,MATCH(' Análise-Analysis '!G17,'Top 50 Fast-Food EUA'!C:C,0),1) -> Bojangles | G17: =LARGE('Top 50 Fast-Food EUA'!C:C,' Análise-Analysis '!E17) -> 1924 | I17: 15 | J17: =INDEX('Top 50 Fast-Food EUA'!A:G,MATCH(' Análise-Analysis '!K17,'Top 50 Fast-Food EUA'!G:G,0),1) -> Wendy's | K17: =LARGE('Top 50 Fast-Food EUA'!G:G,' Análise-Analysis '!I17) -> 57
A18: 16 | B18: =INDEX('Top 50 Fast-Food EUA'!A:B,MATCH(' Análise-Analysis '!C18,'Top 50 Fast-Food EUA'!B:B,0),1) -> Dairy Queen | C18: =LARGE('Top 50 Fast-Food EUA'!B:B,' Análise-Analysis '!A18) -> 4494 | E18: 16 | F18: =INDEX('Top 50 Fast-Food EUA'!A:C,MATCH(' Análise-Analysis '!G18,'Top 50 Fast-Food EUA'!C:C,0),1) -> Wendy's | G18: =LARGE('Top 50 Fast-Food EUA'!C:C,' Análise-Analysis '!E18) -> 1895 | I18: 16 | J18: =INDEX('Top 50 Fast-Food EUA'!A:G,MATCH(' Análise-Analysis '!K18,'Top 50 Fast-Food EUA'!G:G,0),1) -> Culverâ€™s | K18: =LARGE('Top 50 Fast-Food EUA'!G:G,' Análise-Analysis '!I18) -> 55
... A52: 50 | B52: =INDEX('Top 50 Fast-Food EUA'!A:B,MATCH(' Análise-Analysis '!C52,'Top 50 Fast-Food EUA'!B:B,0),1) -> White Castle | C52: =LARGE('Top 50 Fast-Food EUA'!B:B,' Análise-Analysis '!A52) -> 615 | E52: 50 | F52: =INDEX('Top 50 Fast-Food EUA'!A:C,MATCH(' Análise-Analysis '!G52,'Top 50 Fast-Food EUA'!C:C,0),1) -> Baskin-Robbins | G52: =LARGE('Top 50 Fast-Food EUA'!C:C,' Análise-Analysis '!E52) -> 296 | I52: 50 | J52: =INDEX('Top 50 Fast-Food EUA'!A:G,MATCH(' Análise-Analysis '!K52,'Top 50 Fast-Food EUA'!G:G,0),1) -> Subway | K52: =LARGE('Top 50 Fast-Food EUA'!G:G,' Análise-Analysis '!I52) -> -1043

Sheet Gráficos-Graphics 
L1: Sumário - summary
L2: =HYPERLINK("#'Documentação-Documentation'!A1","Documentação-Documentation") -> Documentação-Documentation
L3: =HYPERLINK("#'Top 50 Fast-Food EUA'!A1","Top 50 Fast-Food EUA") -> Top 50 Fast-Food EUA
L4: =HYPERLINK("#'Tabela Dinãmica-Pivot table'!A1","Tabela Dinâmica-Pivot table") -> Tabela Dinâmica-Pivot table
L5: =HYPERLINK("#' Análise-Analysis '!A1"," Análise-Analysis ") -> Análise-Analysis
L6: =HYPERLINK("#'Gráficos-Graphics '!A1","Gráficos-Graphics ") -> Gráficos-Graphics
